2.875000000000000000e+00,0.000000000000000000e+00
2.875000000000000000e+00,7.028502786441237493e-02
2.875000000000000000e+00,1.405700557288247499e-01
2.875000000000000000e+00,2.108550835932371248e-01
2.875000000000000000e+00,2.811401114576494997e-01
2.875000000000000000e+00,3.514251393220618747e-01
2.875000000000000000e+00,4.217101671864742496e-01
2.875000000000000000e+00,4.919951950508866245e-01
2.875000000000000000e+00,5.622802229152989995e-01
2.875000000000000000e+00,6.325652507797112634e-01
2.875000000000000000e+00,7.028502786441237493e-01
2.875000000000000000e+00,7.731353065085362353e-01
2.875000000000000000e+00,8.434203343729484992e-01
2.875000000000000000e+00,9.137053622373607631e-01
2.875000000000000000e+00,9.839903901017732490e-01
2.875000000000000000e+00,1.054275417966185735e+00
2.875000000000000000e+00,1.124560445830597999e+00
2.875000000000000000e+00,1.194845473695010263e+00
2.875000000000000000e+00,1.265130501559422527e+00
2.875000000000000000e+00,1.335415529423835235e+00
2.875000000000000000e+00,1.405700557288247499e+00
2.875000000000000000e+00,1.475985585152659763e+00
2.875000000000000000e+00,1.546270613017072471e+00
2.875000000000000000e+00,1.616555640881484734e+00
2.875000000000000000e+00,1.686840668745896998e+00
2.875000000000000000e+00,1.757125696610309262e+00
2.875000000000000000e+00,1.827410724474721526e+00
2.875000000000000000e+00,1.897695752339134234e+00
2.875000000000000000e+00,1.967980780203546498e+00
2.875000000000000000e+00,2.038265808067958762e+00
2.875000000000000000e+00,2.108550835932371470e+00
2.875000000000000000e+00,2.178835863796783734e+00
2.875000000000000000e+00,2.249120891661195998e+00
2.875000000000000000e+00,2.319405919525608262e+00
2.875000000000000000e+00,2.389690947390020526e+00
2.875000000000000000e+00,2.459975975254433234e+00
2.875000000000000000e+00,2.530261003118845053e+00
2.875000000000000000e+00,2.600546030983258206e+00
2.875000000000000000e+00,2.670831058847670469e+00
2.875000000000000000e+00,2.741116086712082733e+00
2.875000000000000000e+00,2.811401114576494997e+00
2.875000000000000000e+00,2.881686142440907261e+00
2.875000000000000000e+00,2.951971170305319525e+00
2.875000000000000000e+00,3.022256198169731789e+00
2.875000000000000000e+00,3.092541226034144941e+00
2.875000000000000000e+00,3.162826253898557205e+00
2.875000000000000000e+00,3.233111281762969469e+00
2.875000000000000000e+00,3.303396309627381733e+00
2.875000000000000000e+00,3.373681337491793997e+00
2.875000000000000000e+00,3.443966365356206261e+00
2.875000000000000000e+00,3.514251393220618525e+00
2.875000000000000000e+00,3.584536421085030788e+00
2.875000000000000000e+00,3.654821448949443052e+00
2.875000000000000000e+00,3.725106476813856204e+00
2.875000000000000000e+00,3.795391504678268468e+00
2.875000000000000000e+00,3.865676532542680732e+00
2.875000000000000000e+00,3.935961560407092996e+00
2.875000000000000000e+00,4.006246588271505260e+00
2.875000000000000000e+00,4.076531616135917524e+00
2.875000000000000000e+00,4.146816644000329788e+00
2.875000000000000000e+00,4.217101671864742940e+00
2.875000000000000000e+00,4.287386699729155204e+00
2.875000000000000000e+00,4.357671727593567468e+00
2.875000000000000000e+00,4.427956755457979732e+00
2.875000000000000000e+00,4.498241783322391996e+00
2.875000000000000000e+00,4.568526811186804260e+00
2.875000000000000000e+00,4.638811839051216523e+00
2.875000000000000000e+00,4.709096866915628787e+00
2.875000000000000000e+00,4.779381894780041051e+00
2.875000000000000000e+00,4.849666922644454203e+00
2.875000000000000000e+00,4.919951950508866467e+00
2.875000000000000000e+00,4.990236978373278731e+00
2.875000000000000000e+00,5.060522006237690107e+00
2.875000000000000000e+00,5.130807034102103259e+00
2.875000000000000000e+00,5.201092061966516411e+00
2.875000000000000000e+00,5.271377089830927787e+00
2.875000000000000000e+00,5.341662117695340939e+00
2.875000000000000000e+00,5.411947145559752315e+00
2.875000000000000000e+00,5.482232173424165467e+00
2.875000000000000000e+00,5.552517201288576842e+00
2.875000000000000000e+00,5.622802229152989995e+00
2.875000000000000000e+00,5.693087257017403147e+00
2.875000000000000000e+00,5.763372284881814522e+00
2.875000000000000000e+00,5.833657312746227674e+00
2.875000000000000000e+00,5.903942340610639050e+00
2.875000000000000000e+00,5.974227368475052202e+00
2.875000000000000000e+00,6.044512396339463578e+00
2.875000000000000000e+00,6.114797424203876730e+00
2.875000000000000000e+00,6.185082452068289882e+00
2.875000000000000000e+00,6.255367479932701258e+00
2.875000000000000000e+00,6.325652507797114410e+00
2.875000000000000000e+00,6.395937535661525786e+00
2.875000000000000000e+00,6.466222563525938938e+00
2.875000000000000000e+00,6.536507591390350314e+00
2.875000000000000000e+00,6.606792619254763466e+00
2.875000000000000000e+00,6.677077647119174841e+00
2.875000000000000000e+00,6.747362674983587993e+00
2.875000000000000000e+00,6.817647702848001146e+00
2.875000000000000000e+00,6.887932730712412521e+00
2.875000000000000000e+00,6.958217758576825673e+00
2.873674184626819006e+00,7.064072025414418476e+00
2.869694239940527858e+00,7.169926292252012168e+00
2.863052646638172494e+00,7.275780559089606747e+00
2.853736793350237999e+00,7.381634825927199550e+00
2.841728855995081293e+00,7.487489092764792353e+00
2.827005625101205677e+00,7.593343359602386933e+00
2.809538277139794094e+00,7.699197626439980624e+00
2.789292084503546931e+00,7.805051893277573427e+00
2.766226057130270366e+00,7.910906160115167118e+00
2.740292506819192564e+00,8.016760426952760810e+00
2.711436522920602776e+00,8.122614693790355389e+00
2.679595345159391240e+00,8.228468960627948192e+00
2.644697615700603244e+00,8.334323227465540995e+00
2.606662487938624206e+00,8.440177494303135575e+00
2.565398563561620549e+00,8.546031761140728378e+00
2.520802621755185324e+00,8.651886027978321181e+00
2.472758094328264988e+00,8.757740294815915760e+00
2.421133227170505275e+00,8.863594561653508563e+00
2.365778850489821838e+00,8.969448828491103143e+00
2.306525655846106027e+00,9.075303095328695946e+00
2.243180844295728171e+00,9.181157362166288749e+00
2.175523962774515763e+00,9.287011629003883328e+00
2.103325358343586249e+00,9.392865895841477908e+00
2.029205402752241039e+00,9.498720162679070711e+00
1.955085447160896051e+00,9.604574429516663514e+00
1.880965491569550840e+00,9.710428696354258093e+00
1.806845535978205630e+00,9.816282963191850897e+00
1.734900175942501566e+00,9.922137230029443700e+00
1.671394571400193430e+00,1.002799149686703828e+01
1.615931893992478052e+00,1.013384576370463108e+01
1.567821734386885879e+00,1.023970003054222566e+01
1.526528058069046567e+00,1.034555429737982024e+01
1.491631721694925528e+00,1.045140856421741127e+01
1.462804993787904628e+00,1.055726283105500585e+01
1.439793879942042887e+00,1.066311709789260043e+01
1.422405735882861677e+00,1.076897136473019145e+01
1.410500614960512822e+00,1.087482563156778603e+01
1.403985375366509691e+00,1.098067989840538061e+01
1.402602076754259297e+00,1.105696055784071419e+01
1.403047573600402664e+00,1.108653416524297342e+01
1.411987076065088997e+00,1.119238843208056799e+01
1.432711233935847650e+00,1.129824269891815902e+01
1.466017475787276370e+00,1.140409696575575360e+01
1.513347864659988051e+00,1.150995123259334818e+01
1.577165394407080035e+00,1.161580549943093921e+01
1.648490778334166240e+00,1.172165976626853379e+01
1.714631220409307710e+00,1.182751403310612837e+01
1.776561203281793899e+00,1.193336829994371939e+01
1.834995156042750653e+00,1.203922256678131575e+01
1.890465766042466411e+00,1.214507683361890855e+01
1.943382789159206592e+00,1.225093110045650135e+01
1.994069443090881188e+00,1.235678536729409593e+01
2.042786018967255313e+00,1.246263963413168874e+01
2.089745803981907013e+00,1.256849390096928509e+01
2.135126170423385705e+00,1.267434816780687612e+01
2.179076511999496812e+00,1.278020243464446892e+01
2.221724058332802620e+00,1.288605670148206528e+01
2.263178222347793422e+00,1.299191096831965631e+01
2.303533909119523937e+00,1.309776523515725088e+01
2.342874074215490765e+00,1.320361950199484369e+01
2.381271729660837000e+00,1.330947376883243649e+01
2.418791536657539876e+00,1.341532803567003285e+01
2.455491084576746363e+00,1.352118230250762387e+01
2.491421928601938340e+00,1.362703656934521668e+01
2.526630439457305144e+00,1.373289083618281303e+01
2.561158505213044112e+00,1.383874510302040406e+01
2.595044115473896351e+00,1.394459936985799864e+01
2.628321851181584901e+00,1.405045363669559322e+01
2.661023298026432116e+00,1.415630790353318424e+01
2.693177397544032736e+00,1.426216217037078060e+01
2.724810747006627398e+00,1.436801643720837340e+01
2.755947856951255215e+00,1.447387070404596443e+01
2.786611373437076100e+00,1.457972497088356079e+01
2.816822270762032510e+00,1.468557923772115359e+01
2.846600019301058992e+00,1.479143350455874639e+01
2.875962732281226675e+00,1.489728777139634097e+01
2.904927294637932977e+00,1.500314203823393377e+01
2.933509476555153039e+00,1.510899630507153013e+01
2.961724033857766170e+00,1.521485057190912116e+01
2.989584797070272693e+00,1.532070483874671218e+01
3.017104750667563007e+00,1.542655910558430854e+01
3.044296103806468867e+00,1.553241337242190134e+01
3.071170353631385908e+00,1.563826763925949592e+01
3.097738342084911167e+00,1.574412190609708873e+01
3.124010307020660626e+00,1.584997617293468153e+01
3.149995928300215464e+00,1.595583043977227788e+01
3.175704369464224630e+00,1.606168470660987069e+01
3.201144315485602299e+00,1.616753897344745994e+01
3.226324007045890507e+00,1.627339324028505629e+01
3.251251271718392122e+00,1.637924750712264910e+01
3.275933552392657155e+00,1.648510177396024190e+01
3.300377933232574001e+00,1.659095604079783826e+01
3.324591163424995166e+00,1.669681030763543106e+01
3.348579678944330507e+00,1.680266457447302741e+01
3.372349622532047508e+00,1.690851884131061666e+01
3.395906862066845555e+00,1.701437310814820947e+01
3.419257007481121047e+00,1.712022737498580582e+01
3.442405426361951459e+00,1.722608164182339863e+01
3.465357258359460957e+00,1.733193590866099498e+01
3.488117428512167884e+00,1.743779017549858423e+01
